-- MySQL dump 10.13  Distrib 5.1.54, for debian-linux-gnu (i686)
--
-- Host: localhost    Database: jingluo
-- ------------------------------------------------------
-- Server version	5.1.54-1ubuntu4

/*!40101 SET @OLD_CHARACTER_SET_CLIENT=@@CHARACTER_SET_CLIENT */;
/*!40101 SET @OLD_CHARACTER_SET_RESULTS=@@CHARACTER_SET_RESULTS */;
/*!40101 SET @OLD_COLLATION_CONNECTION=@@COLLATION_CONNECTION */;
/*!40101 SET NAMES utf8 */;
/*!40103 SET @OLD_TIME_ZONE=@@TIME_ZONE */;
/*!40103 SET TIME_ZONE='+00:00' */;
/*!40014 SET @OLD_UNIQUE_CHECKS=@@UNIQUE_CHECKS, UNIQUE_CHECKS=0 */;
/*!40014 SET @OLD_FOREIGN_KEY_CHECKS=@@FOREIGN_KEY_CHECKS, FOREIGN_KEY_CHECKS=0 */;
/*!40101 SET @OLD_SQL_MODE=@@SQL_MODE, SQL_MODE='NO_AUTO_VALUE_ON_ZERO' */;
/*!40111 SET @OLD_SQL_NOTES=@@SQL_NOTES, SQL_NOTES=0 */;

--
-- Table structure for table `acupuncture_points`
--

DROP TABLE IF EXISTS `acupuncture_points`;
/*!40101 SET @saved_cs_client     = @@character_set_client */;
/*!40101 SET character_set_client = utf8 */;
CREATE TABLE `acupuncture_points` (
  `id` int(11) NOT NULL AUTO_INCREMENT,
  `name` varchar(255) COLLATE utf8_unicode_ci DEFAULT NULL,
  `position` varchar(255) COLLATE utf8_unicode_ci DEFAULT NULL,
  `index` int(11) DEFAULT NULL,
  `meridian_id` int(11) DEFAULT NULL,
  `created_at` datetime NOT NULL,
  `updated_at` datetime NOT NULL,
  PRIMARY KEY (`id`)
) ENGINE=InnoDB AUTO_INCREMENT=29 DEFAULT CHARSET=utf8 COLLATE=utf8_unicode_ci;
/*!40101 SET character_set_client = @saved_cs_client */;

--
-- Dumping data for table `acupuncture_points`
--

LOCK TABLES `acupuncture_points` WRITE;
/*!40000 ALTER TABLE `acupuncture_points` DISABLE KEYS */;
INSERT INTO `acupuncture_points` VALUES (1,'大敦穴( 井穴 ）','在足拇趾末节背外侧，趾甲角后0.1寸。',1,1,'2012-09-11 05:28:31','2012-09-11 05:31:14'),(2,'行间 ( 荥穴 )','在足背侧，当第1趾缝趾蹼的后方。',2,1,'2012-09-11 05:28:57','2012-09-11 05:31:38'),(3,'太冲（俞穴，原穴）','足背，第一、二跖骨结合部之前凹陷中',3,1,'2012-09-11 05:29:20','2012-09-11 05:59:33'),(4,'中封','内踝前1寸，胫骨前肌腱内缘',4,1,'2012-09-11 05:59:55','2012-09-11 06:00:07'),(5,'蠡沟','内踝高点上5寸，胫骨内侧面的中央',5,1,'2012-09-11 05:59:59','2012-09-11 06:00:33'),(6,'中都','内踝高点上7寸，胫骨内侧面的中央 ',6,1,'2012-09-11 06:00:55','2012-09-11 06:00:55'),(7,'膝关','阴陵泉穴后1寸',7,1,'2012-09-11 06:01:21','2012-09-11 06:01:21'),(8,'曲泉（合穴）','屈膝，当膝内侧横纹头上方凹陷中',8,1,'2012-09-11 06:02:05','2012-09-11 06:02:05'),(9,'隐白','仰卧或正坐平放足底，在足趾末节内侧，距趾甲角0.1寸',1,2,'2012-09-11 06:23:03','2012-09-11 06:23:03'),(10,'大都','在足内侧缘，当足大趾本节前下方赤白肉际凹陷处。',2,2,'2012-09-11 06:27:16','2012-09-11 06:27:16'),(11,'太白（原穴）','在足内侧缘，当足大趾本节后下方赤白肉际凹陷处。',3,2,'2012-09-11 06:27:38','2012-09-11 06:28:06'),(12,'公孙','在足内侧缘，第一趾骨基底部的前下方',4,2,'2012-09-11 06:30:08','2012-09-11 06:40:11'),(13,'商丘','在足内踝前下方凹陷中，当丹骨结节与内踝尖连线的中点处',5,2,'2012-09-11 06:30:54','2012-09-11 06:30:54'),(14,'三阴交','小腿内侧，踝尖上3寸，胫骨内侧缘后方',6,2,'2012-09-11 06:41:51','2012-09-11 06:41:57'),(15,'漏谷','小腿内侧，内踝尖上6寸，胫骨内侧缘后方',7,2,'2012-09-11 06:43:36','2012-09-11 06:43:36'),(16,'地机','阴陵泉下3寸，小腿内侧，内踝尖与阴陵泉的连线上',8,2,'2012-09-11 06:45:09','2012-09-11 06:45:09'),(17,'阴陵泉','小腿内侧，膝下胫骨内侧凹陷中，与足三里相对。 ( 内踝尖上13寸（？），胫骨后缘内侧 )',9,2,'2012-09-11 06:47:32','2012-09-11 06:51:18'),(18,'涌泉（井穴）','在足底部，卷足时足前部凹陷处',1,3,'2012-09-11 07:18:03','2012-09-11 07:21:23'),(19,'然谷（荣穴）','在足内侧缘，足舟骨粗隆下方，赤白肉际',2,3,'2012-09-11 07:21:14','2012-09-11 07:21:14'),(20,'太溪（原穴）','在足内侧，内踝后方，当内踝尖与跟腱之间的凹陷处。 ',3,3,'2012-09-11 07:23:19','2012-09-11 07:23:19'),(21,'大钟（络穴）','在足内侧，内踝下方，当跟腱附着部的内侧前方凹陷处。',4,3,'2012-09-11 07:25:32','2012-09-11 07:25:32'),(22,'水泉（郄穴）','在足内侧，内踝后下方，当太溪直下1寸，跟骨结节的内侧凹陷处',5,3,'2012-09-11 07:27:15','2012-09-11 07:27:37'),(23,'照海','在足内侧，内踝尖下方凹陷处',6,3,'2012-09-11 07:28:59','2012-09-11 07:28:59'),(24,'复溜','在小腿内侧，太溪直上2寸，跟腱的前方',7,3,'2012-09-11 07:29:50','2012-09-11 07:30:07'),(25,'交信','在小腿内侧，当太溪直上2寸，复溜前0.5寸，胫骨内侧缘的后方',8,3,'2012-09-11 07:30:43','2012-09-11 07:30:43'),(26,'筑宾','在小腿内侧，当太溪与阴谷的连线上，太溪上5寸，腓肠肌肌腹的内下方',9,3,'2012-09-11 07:31:26','2012-09-11 07:31:26'),(27,'阴谷','在腘窝内侧，屈膝时，当半腱肌肌腱与半膜肌肌腱之间',10,3,'2012-09-11 07:34:32','2012-09-11 07:34:32'),(28,'血海','位置？',10,2,'2012-09-12 06:13:01','2012-09-12 06:13:01');
/*!40000 ALTER TABLE `acupuncture_points` ENABLE KEYS */;
UNLOCK TABLES;

--
-- Table structure for table `arranged_acupuncture_points`
--

DROP TABLE IF EXISTS `arranged_acupuncture_points`;
/*!40101 SET @saved_cs_client     = @@character_set_client */;
/*!40101 SET character_set_client = utf8 */;
CREATE TABLE `arranged_acupuncture_points` (
  `id` int(11) NOT NULL AUTO_INCREMENT,
  `document_id` int(11) DEFAULT NULL,
  `index` int(11) DEFAULT NULL,
  `acupuncture_point_id` int(11) DEFAULT NULL,
  `created_at` datetime NOT NULL,
  `updated_at` datetime NOT NULL,
  PRIMARY KEY (`id`)
) ENGINE=InnoDB AUTO_INCREMENT=95 DEFAULT CHARSET=utf8 COLLATE=utf8_unicode_ci;
/*!40101 SET character_set_client = @saved_cs_client */;

--
-- Dumping data for table `arranged_acupuncture_points`
--

LOCK TABLES `arranged_acupuncture_points` WRITE;
/*!40000 ALTER TABLE `arranged_acupuncture_points` DISABLE KEYS */;
INSERT INTO `arranged_acupuncture_points` VALUES (1,5,NULL,26,'2012-09-13 03:07:08','2012-09-13 03:07:08'),(2,5,NULL,26,'2012-09-13 03:07:08','2012-09-13 03:07:08'),(3,5,NULL,26,'2012-09-13 03:07:08','2012-09-13 03:07:08'),(4,5,NULL,26,'2012-09-13 03:07:08','2012-09-13 03:07:08'),(5,5,NULL,26,'2012-09-13 03:07:08','2012-09-13 03:07:08'),(6,5,NULL,26,'2012-09-13 03:07:08','2012-09-13 03:07:08'),(7,5,NULL,26,'2012-09-13 03:07:08','2012-09-13 03:07:08'),(8,5,NULL,26,'2012-09-13 03:07:08','2012-09-13 03:07:08'),(9,5,NULL,26,'2012-09-13 03:07:08','2012-09-13 03:07:08'),(10,5,NULL,26,'2012-09-13 03:07:08','2012-09-13 03:07:08'),(11,5,NULL,26,'2012-09-13 03:07:08','2012-09-13 03:07:08'),(12,5,NULL,26,'2012-09-13 03:07:08','2012-09-13 03:07:08'),(13,5,NULL,26,'2012-09-13 03:07:08','2012-09-13 03:07:08'),(14,5,NULL,15,'2012-09-13 03:07:08','2012-09-13 03:07:08'),(15,5,NULL,26,'2012-09-13 03:07:08','2012-09-13 03:07:08'),(16,5,NULL,14,'2012-09-13 03:07:08','2012-09-13 03:07:08'),(17,5,NULL,5,'2012-09-13 03:07:08','2012-09-13 03:07:08'),(18,6,0,26,'2012-09-13 05:06:13','2012-09-13 05:06:13'),(19,6,1,26,'2012-09-13 05:06:13','2012-09-13 05:06:13'),(20,6,2,26,'2012-09-13 05:06:13','2012-09-13 05:06:13'),(21,6,3,26,'2012-09-13 05:06:13','2012-09-13 05:06:13'),(22,6,4,26,'2012-09-13 05:06:13','2012-09-13 05:06:13'),(23,6,5,26,'2012-09-13 05:06:13','2012-09-13 05:06:13'),(24,6,6,26,'2012-09-13 05:06:13','2012-09-13 05:06:13'),(25,6,7,26,'2012-09-13 05:06:13','2012-09-13 05:06:13'),(26,6,8,26,'2012-09-13 05:06:13','2012-09-13 05:06:13'),(27,6,9,26,'2012-09-13 05:06:13','2012-09-13 05:06:13'),(28,6,10,26,'2012-09-13 05:06:13','2012-09-13 05:06:13'),(29,6,11,26,'2012-09-13 05:06:13','2012-09-13 05:06:13'),(30,6,12,26,'2012-09-13 05:06:13','2012-09-13 05:06:13'),(31,6,13,15,'2012-09-13 05:06:13','2012-09-13 05:06:13'),(32,6,14,26,'2012-09-13 05:06:13','2012-09-13 05:06:13'),(33,6,15,14,'2012-09-13 05:06:13','2012-09-13 05:06:13'),(34,6,16,5,'2012-09-13 05:06:13','2012-09-13 05:06:13'),(35,6,17,6,'2012-09-13 05:06:13','2012-09-13 05:06:13'),(36,6,18,15,'2012-09-13 05:06:13','2012-09-13 05:06:13'),(37,6,19,5,'2012-09-13 05:06:13','2012-09-13 05:06:13'),(38,6,20,26,'2012-09-13 05:06:13','2012-09-13 05:06:13'),(39,NULL,0,7,'2012-09-13 05:07:39','2012-09-13 05:07:39'),(40,NULL,1,17,'2012-09-13 05:07:39','2012-09-13 05:07:39'),(41,NULL,2,16,'2012-09-13 05:07:39','2012-09-13 05:07:39'),(42,NULL,0,15,'2012-09-13 05:08:03','2012-09-13 05:08:03'),(43,NULL,1,5,'2012-09-13 05:08:03','2012-09-13 05:08:03'),(44,NULL,0,15,'2012-09-13 05:23:58','2012-09-13 05:23:58'),(45,NULL,1,5,'2012-09-13 05:23:58','2012-09-13 05:23:58'),(46,NULL,2,7,'2012-09-13 05:23:58','2012-09-13 05:23:58'),(47,NULL,3,17,'2012-09-13 05:23:58','2012-09-13 05:23:58'),(48,8,0,15,'2012-09-13 05:24:08','2012-09-13 05:24:08'),(49,8,1,5,'2012-09-13 05:24:08','2012-09-13 05:24:08'),(50,8,2,7,'2012-09-13 05:24:08','2012-09-13 05:24:08'),(51,8,3,17,'2012-09-13 05:24:08','2012-09-13 05:24:08'),(52,8,4,20,'2012-09-13 05:24:08','2012-09-13 05:24:08'),(53,7,0,7,'2012-09-13 05:24:34','2012-09-13 05:24:34'),(54,7,1,17,'2012-09-13 05:24:34','2012-09-13 05:24:34'),(55,7,2,16,'2012-09-13 05:24:34','2012-09-13 05:24:34'),(56,NULL,0,22,'2012-09-13 05:34:51','2012-09-13 05:34:51'),(57,NULL,1,21,'2012-09-13 05:34:51','2012-09-13 05:34:51'),(58,NULL,2,20,'2012-09-13 05:34:51','2012-09-13 05:34:51'),(59,NULL,3,25,'2012-09-13 05:34:51','2012-09-13 05:34:51'),(60,NULL,4,14,'2012-09-13 05:34:51','2012-09-13 05:34:51'),(61,NULL,5,5,'2012-09-13 05:34:51','2012-09-13 05:34:51'),(62,NULL,6,15,'2012-09-13 05:34:51','2012-09-13 05:34:51'),(63,NULL,7,6,'2012-09-13 05:34:51','2012-09-13 05:34:51'),(64,NULL,8,16,'2012-09-13 05:34:51','2012-09-13 05:34:51'),(65,NULL,9,23,'2012-09-13 05:34:51','2012-09-13 05:34:51'),(66,NULL,10,13,'2012-09-13 05:34:51','2012-09-13 05:34:51'),(67,NULL,11,22,'2012-09-13 05:34:51','2012-09-13 05:34:51'),(68,NULL,12,19,'2012-09-13 05:34:51','2012-09-13 05:34:51'),(69,NULL,0,22,'2012-09-13 05:35:00','2012-09-13 05:35:00'),(70,NULL,1,21,'2012-09-13 05:35:00','2012-09-13 05:35:00'),(71,NULL,2,20,'2012-09-13 05:35:00','2012-09-13 05:35:00'),(72,NULL,3,25,'2012-09-13 05:35:00','2012-09-13 05:35:00'),(73,NULL,4,14,'2012-09-13 05:35:00','2012-09-13 05:35:00'),(74,NULL,5,5,'2012-09-13 05:35:00','2012-09-13 05:35:00'),(75,NULL,6,15,'2012-09-13 05:35:00','2012-09-13 05:35:00'),(76,NULL,7,6,'2012-09-13 05:35:00','2012-09-13 05:35:00'),(77,NULL,8,16,'2012-09-13 05:35:01','2012-09-13 05:35:01'),(78,NULL,9,23,'2012-09-13 05:35:01','2012-09-13 05:35:01'),(79,NULL,10,13,'2012-09-13 05:35:01','2012-09-13 05:35:01'),(80,NULL,11,22,'2012-09-13 05:35:01','2012-09-13 05:35:01'),(81,NULL,12,19,'2012-09-13 05:35:01','2012-09-13 05:35:01'),(82,9,0,22,'2012-09-13 05:39:53','2012-09-13 05:39:53'),(83,9,1,21,'2012-09-13 05:39:53','2012-09-13 05:39:53'),(84,9,2,20,'2012-09-13 05:39:53','2012-09-13 05:39:53'),(85,9,3,25,'2012-09-13 05:39:53','2012-09-13 05:39:53'),(86,9,4,14,'2012-09-13 05:39:53','2012-09-13 05:39:53'),(87,9,5,5,'2012-09-13 05:39:53','2012-09-13 05:39:53'),(88,9,6,15,'2012-09-13 05:39:53','2012-09-13 05:39:53'),(89,9,7,6,'2012-09-13 05:39:53','2012-09-13 05:39:53'),(90,9,8,16,'2012-09-13 05:39:53','2012-09-13 05:39:53'),(91,9,9,23,'2012-09-13 05:39:53','2012-09-13 05:39:53'),(92,9,10,13,'2012-09-13 05:39:54','2012-09-13 05:39:54'),(93,9,11,22,'2012-09-13 05:39:54','2012-09-13 05:39:54'),(94,9,12,19,'2012-09-13 05:39:54','2012-09-13 05:39:54');
/*!40000 ALTER TABLE `arranged_acupuncture_points` ENABLE KEYS */;
UNLOCK TABLES;

--
-- Table structure for table `documents`
--

DROP TABLE IF EXISTS `documents`;
/*!40101 SET @saved_cs_client     = @@character_set_client */;
/*!40101 SET character_set_client = utf8 */;
CREATE TABLE `documents` (
  `id` int(11) NOT NULL AUTO_INCREMENT,
  `user_name` varchar(255) COLLATE utf8_unicode_ci DEFAULT NULL,
  `created_at` datetime NOT NULL,
  `updated_at` datetime NOT NULL,
  PRIMARY KEY (`id`)
) ENGINE=InnoDB AUTO_INCREMENT=10 DEFAULT CHARSET=utf8 COLLATE=utf8_unicode_ci;
/*!40101 SET character_set_client = @saved_cs_client */;

--
-- Dumping data for table `documents`
--

LOCK TABLES `documents` WRITE;
/*!40000 ALTER TABLE `documents` DISABLE KEYS */;
INSERT INTO `documents` VALUES (7,'汉字啊！','2012-09-13 05:07:39','2012-09-13 05:24:35'),(8,'5555','2012-09-13 05:08:03','2012-09-13 05:08:03'),(9,'拉拉','2012-09-13 05:34:51','2012-09-13 05:35:01');
/*!40000 ALTER TABLE `documents` ENABLE KEYS */;
UNLOCK TABLES;

--
-- Table structure for table `meridians`
--

DROP TABLE IF EXISTS `meridians`;
/*!40101 SET @saved_cs_client     = @@character_set_client */;
/*!40101 SET character_set_client = utf8 */;
CREATE TABLE `meridians` (
  `id` int(11) NOT NULL AUTO_INCREMENT,
  `name` varchar(255) COLLATE utf8_unicode_ci DEFAULT NULL,
  `created_at` datetime NOT NULL,
  `updated_at` datetime NOT NULL,
  PRIMARY KEY (`id`)
) ENGINE=InnoDB AUTO_INCREMENT=4 DEFAULT CHARSET=utf8 COLLATE=utf8_unicode_ci;
/*!40101 SET character_set_client = @saved_cs_client */;

--
-- Dumping data for table `meridians`
--

LOCK TABLES `meridians` WRITE;
/*!40000 ALTER TABLE `meridians` DISABLE KEYS */;
INSERT INTO `meridians` VALUES (1,'足阙阴肝经','2012-09-11 05:23:36','2012-09-11 06:19:45'),(2,'足太阴脾经','2012-09-11 06:19:35','2012-09-11 06:19:35'),(3,'足少阴肾经','2012-09-11 06:56:31','2012-09-11 06:56:31');
/*!40000 ALTER TABLE `meridians` ENABLE KEYS */;
UNLOCK TABLES;

--
-- Table structure for table `schema_migrations`
--

DROP TABLE IF EXISTS `schema_migrations`;
/*!40101 SET @saved_cs_client     = @@character_set_client */;
/*!40101 SET character_set_client = utf8 */;
CREATE TABLE `schema_migrations` (
  `version` varchar(255) COLLATE utf8_unicode_ci NOT NULL,
  UNIQUE KEY `unique_schema_migrations` (`version`)
) ENGINE=InnoDB DEFAULT CHARSET=utf8 COLLATE=utf8_unicode_ci;
/*!40101 SET character_set_client = @saved_cs_client */;

--
-- Dumping data for table `schema_migrations`
--

LOCK TABLES `schema_migrations` WRITE;
/*!40000 ALTER TABLE `schema_migrations` DISABLE KEYS */;
INSERT INTO `schema_migrations` VALUES ('20120910082243'),('20120910082455'),('20120910082619'),('20120910083026'),('20120913014443');
/*!40000 ALTER TABLE `schema_migrations` ENABLE KEYS */;
UNLOCK TABLES;
/*!40103 SET TIME_ZONE=@OLD_TIME_ZONE */;

/*!40101 SET SQL_MODE=@OLD_SQL_MODE */;
/*!40014 SET FOREIGN_KEY_CHECKS=@OLD_FOREIGN_KEY_CHECKS */;
/*!40014 SET UNIQUE_CHECKS=@OLD_UNIQUE_CHECKS */;
/*!40101 SET CHARACTER_SET_CLIENT=@OLD_CHARACTER_SET_CLIENT */;
/*!40101 SET CHARACTER_SET_RESULTS=@OLD_CHARACTER_SET_RESULTS */;
/*!40101 SET COLLATION_CONNECTION=@OLD_COLLATION_CONNECTION */;
/*!40111 SET SQL_NOTES=@OLD_SQL_NOTES */;

-- Dump completed on 2012-09-13 15:23:42
