-- MySQL dump 10.13  Distrib 5.5.22, for debian-linux-gnu (i686)
--
-- Host: localhost    Database: jingluo
-- ------------------------------------------------------
-- Server version	5.5.22-0ubuntu1

/*!40101 SET @OLD_CHARACTER_SET_CLIENT=@@CHARACTER_SET_CLIENT */;
/*!40101 SET @OLD_CHARACTER_SET_RESULTS=@@CHARACTER_SET_RESULTS */;
/*!40101 SET @OLD_COLLATION_CONNECTION=@@COLLATION_CONNECTION */;
/*!40101 SET NAMES utf8 */;
/*!40103 SET @OLD_TIME_ZONE=@@TIME_ZONE */;
/*!40103 SET TIME_ZONE='+00:00' */;
/*!40014 SET @OLD_UNIQUE_CHECKS=@@UNIQUE_CHECKS, UNIQUE_CHECKS=0 */;
/*!40014 SET @OLD_FOREIGN_KEY_CHECKS=@@FOREIGN_KEY_CHECKS, FOREIGN_KEY_CHECKS=0 */;
/*!40101 SET @OLD_SQL_MODE=@@SQL_MODE, SQL_MODE='NO_AUTO_VALUE_ON_ZERO' */;
/*!40111 SET @OLD_SQL_NOTES=@@SQL_NOTES, SQL_NOTES=0 */;

--
-- Table structure for table `acupuncture_points`
--

DROP TABLE IF EXISTS `acupuncture_points`;
/*!40101 SET @saved_cs_client     = @@character_set_client */;
/*!40101 SET character_set_client = utf8 */;
CREATE TABLE `acupuncture_points` (
  `id` int(11) NOT NULL AUTO_INCREMENT,
  `name` varchar(255) COLLATE utf8_unicode_ci DEFAULT NULL,
  `position` varchar(255) COLLATE utf8_unicode_ci DEFAULT NULL,
  `index` int(11) DEFAULT NULL,
  `meridian_id` int(11) DEFAULT NULL,
  `created_at` datetime NOT NULL,
  `updated_at` datetime NOT NULL,
  PRIMARY KEY (`id`)
) ENGINE=InnoDB AUTO_INCREMENT=108 DEFAULT CHARSET=utf8 COLLATE=utf8_unicode_ci;
/*!40101 SET character_set_client = @saved_cs_client */;

--
-- Dumping data for table `acupuncture_points`
--

LOCK TABLES `acupuncture_points` WRITE;
/*!40000 ALTER TABLE `acupuncture_points` DISABLE KEYS */;
INSERT INTO `acupuncture_points` VALUES (1,'大敦穴( 井穴 ）','在足拇趾末节背外侧，趾甲角后0.1寸。',1,1,'2012-09-11 05:28:31','2012-09-11 05:31:14'),(2,'行间 ( 荥穴 )','在足背侧，当第1趾缝趾蹼的后方。',2,1,'2012-09-11 05:28:57','2012-09-11 05:31:38'),(3,'太冲（俞穴，原穴）','足背，第一、二跖骨结合部之前凹陷中',3,1,'2012-09-11 05:29:20','2012-09-11 05:59:33'),(4,'中封','内踝前1寸，胫骨前肌腱内缘',4,1,'2012-09-11 05:59:55','2012-09-11 06:00:07'),(5,'蠡沟','内踝高点上5寸，胫骨内侧面的中央',5,1,'2012-09-11 05:59:59','2012-09-11 06:00:33'),(6,'中都','内踝高点上7寸，胫骨内侧面的中央 ',6,1,'2012-09-11 06:00:55','2012-09-11 06:00:55'),(7,'膝关','阴陵泉穴后1寸',7,1,'2012-09-11 06:01:21','2012-09-11 06:01:21'),(8,'曲泉（合穴）','屈膝，当膝内侧横纹头上方凹陷中',8,1,'2012-09-11 06:02:05','2012-09-11 06:02:05'),(9,'隐白','仰卧或正坐平放足底，在足趾末节内侧，距趾甲角0.1寸',1,2,'2012-09-11 06:23:03','2012-09-11 06:23:03'),(10,'大都','在足内侧缘，当足大趾本节前下方赤白肉际凹陷处。',2,2,'2012-09-11 06:27:16','2012-09-11 06:27:16'),(11,'太白（原穴）','在足内侧缘，当足大趾本节后下方赤白肉际凹陷处。',3,2,'2012-09-11 06:27:38','2012-09-11 06:28:06'),(12,'公孙','在足内侧缘，第一趾骨基底部的前下方',4,2,'2012-09-11 06:30:08','2012-09-11 06:40:11'),(13,'商丘','在足内踝前下方凹陷中，当丹骨结节与内踝尖连线的中点处',5,2,'2012-09-11 06:30:54','2012-09-11 06:30:54'),(14,'三阴交','小腿内侧，踝尖上3寸，胫骨内侧缘后方',6,2,'2012-09-11 06:41:51','2012-09-11 06:41:57'),(15,'漏谷','小腿内侧，内踝尖上6寸，胫骨内侧缘后方',7,2,'2012-09-11 06:43:36','2012-09-11 06:43:36'),(16,'地机','阴陵泉下3寸，小腿内侧，内踝尖与阴陵泉的连线上',8,2,'2012-09-11 06:45:09','2012-09-11 06:45:09'),(17,'阴陵泉','小腿内侧，膝下胫骨内侧凹陷中，与足三里相对。 ( 内踝尖上13寸（？），胫骨后缘内侧 )',9,2,'2012-09-11 06:47:32','2012-09-11 06:51:18'),(18,'涌泉（井穴）','在足底部，卷足时足前部凹陷处',1,3,'2012-09-11 07:18:03','2012-09-11 07:21:23'),(19,'然谷（荣穴）','在足内侧缘，足舟骨粗隆下方，赤白肉际',2,3,'2012-09-11 07:21:14','2012-09-11 07:21:14'),(20,'太溪（原穴）','在足内侧，内踝后方，当内踝尖与跟腱之间的凹陷处。 ',3,3,'2012-09-11 07:23:19','2012-09-11 07:23:19'),(21,'大钟（络穴）','在足内侧，内踝下方，当跟腱附着部的内侧前方凹陷处。',4,3,'2012-09-11 07:25:32','2012-09-11 07:25:32'),(22,'水泉（郄穴）','在足内侧，内踝后下方，当太溪直下1寸，跟骨结节的内侧凹陷处',5,3,'2012-09-11 07:27:15','2012-09-11 07:27:37'),(23,'照海','在足内侧，内踝尖下方凹陷处',6,3,'2012-09-11 07:28:59','2012-09-11 07:28:59'),(24,'复溜','在小腿内侧，太溪直上2寸，跟腱的前方',7,3,'2012-09-11 07:29:50','2012-09-11 07:30:07'),(25,'交信','在小腿内侧，当太溪直上2寸，复溜前0.5寸，胫骨内侧缘的后方',8,3,'2012-09-11 07:30:43','2012-09-11 07:30:43'),(26,'筑宾','在小腿内侧，当太溪与阴谷的连线上，太溪上5寸，腓肠肌肌腹的内下方',9,3,'2012-09-11 07:31:26','2012-09-11 07:31:26'),(27,'阴谷','在腘窝内侧，屈膝时，当半腱肌肌腱与半膜肌肌腱之间',10,3,'2012-09-11 07:34:32','2012-09-11 07:34:32'),(28,'血海','位置？',10,2,'2012-09-12 06:13:01','2012-09-12 06:13:01'),(29,'尺泽','肘横纹中，肱二头肌腱桡侧缘',5,4,'2013-04-27 02:02:26','2013-04-27 02:05:14'),(30,'孔最','尺泽穴与太渊穴连线上，脘横纹上7寸处',5,4,'2013-04-27 02:03:26','2013-04-27 02:03:26'),(31,'列缺','桡骨茎突上方，腕横纹上1.5寸',7,4,'2013-04-27 02:03:50','2013-04-27 02:03:50'),(32,'经渠','桡骨茎突内侧，腕横纹上1寸，桡动脉桡侧凹陷中',8,4,'2013-04-27 02:04:09','2013-04-27 02:04:09'),(33,'太渊','掌后腕横纹桡侧端，桡动脉的桡侧凹陷中',9,4,'2013-04-27 02:04:24','2013-04-27 02:04:24'),(34,'鱼际','第一掌骨中点，赤白肉际处',10,4,'2013-04-27 02:04:40','2013-04-27 02:04:40'),(35,'少商','拇指桡侧指甲角旁约0.1寸',11,4,'2013-04-27 02:04:54','2013-04-27 02:04:54'),(36,'商阳','在手食指末节桡侧，距指甲角0.1寸',1,5,'2013-04-27 02:06:17','2013-04-27 02:06:17'),(37,'二间','微握拳，在手食指本节（第2掌指关节）前，桡侧凹陷处',2,5,'2013-04-27 02:06:38','2013-04-27 02:06:38'),(38,'三间','微握拳，在手食指本节（第2掌指关节）后，桡侧凹陷处。',3,5,'2013-04-27 02:06:57','2013-04-27 02:06:57'),(39,'合谷','在手背，第1、2掌骨间，当第2掌骨桡侧的中点处。',4,5,'2013-04-27 02:07:18','2013-04-27 02:07:18'),(40,'阳溪','在腕背横纹桡侧，手拇指上翘起时，当拇短伸肌健与拇长伸肌腱之间的凹陷中。',5,5,'2013-04-27 02:08:00','2013-04-27 02:08:00'),(41,'偏历','屈肘，在前臂背面桡侧，当阳溪与曲池连线上，腕横纹上3寸。',6,5,'2013-04-27 02:08:15','2013-04-27 02:08:15'),(42,'温溜','屈肘，在前臂背面桡侧，当阳溪与曲池的连线上，腕横纹上5寸。',7,5,'2013-04-27 02:08:29','2013-04-27 02:08:29'),(43,'下廉 ','在前臂背面桡侧，当阳溪与曲池连线上，肘横纹下4寸。',8,5,'2013-04-27 02:08:48','2013-04-27 02:08:48'),(44,'上廉','在前臂背面桡侧，当阳溪与曲池连线上，肘横纹下3寸。',9,5,'2013-04-27 02:09:07','2013-04-27 02:09:07'),(45,'手三里','在前臂背面桡侧，当阳溪与曲池连线上，肘横纹下2寸。',10,5,'2013-04-27 02:11:37','2013-04-27 02:11:37'),(46,'曲池','在肘横纹外侧端，屈肘，当尺泽与肱骨外上髁连线中点。',11,5,'2013-04-27 02:11:57','2013-04-27 02:11:57'),(47,'少海','屈肘，在肘横纹内侧端与肱骨内上髁连线的中点处。',3,6,'2013-04-27 02:26:36','2013-04-27 02:26:36'),(48,'灵道','在前臂掌侧，当尺侧腕屈肌腱的桡侧缘，腕横纹上1.5寸。',4,6,'2013-04-27 02:27:00','2013-04-27 02:27:00'),(49,'通里','在前臂掌侧，当尺侧腕屈肌腱的桡侧缘，腕横纹上1寸。',5,6,'2013-04-27 02:27:17','2013-04-27 02:27:17'),(50,'阴郄','在前臂掌侧，当尺侧腕屈肌腱的桡侧缘，腕横纹上0.5寸。',6,6,'2013-04-27 02:27:33','2013-04-27 02:27:33'),(52,'神门','在腕部，腕掌侧横纹尺侧端，尺侧腕屈肌腱的桡侧凹陷处',7,6,'2013-04-27 02:28:18','2013-04-27 02:28:18'),(53,'少府','在手掌面，第4、5掌骨之间，握拳时，当小指尖处。',8,6,'2013-04-27 02:28:35','2013-04-27 02:28:35'),(54,'少冲','在手小指末节桡侧，距指甲根0.1寸（指寸）',9,6,'2013-04-27 02:28:51','2013-04-27 02:28:51'),(55,'少泽','在手小指末节尺侧，距指甲根角0.1寸（指寸）',1,7,'2013-04-27 09:46:19','2013-04-27 09:46:19'),(56,'前谷','在手尺侧，微握拳，当小指本节（第5掌指关节）前的掌指横纹头赤白肉际。',2,7,'2013-04-27 09:46:39','2013-04-27 09:46:39'),(57,'后溪','在手掌尺侧， 微握拳， 当小指本节（第五掌指关节）后的远侧掌横纹头赤白肉际。',3,7,'2013-04-27 09:46:54','2013-04-27 09:46:54'),(58,'腕骨','在手掌尺侧，当第5掌骨基底与钩骨之间的凹陷处,赤白肉际。',4,7,'2013-04-27 09:47:10','2013-04-27 09:47:10'),(59,'阳谷','在手腕尺侧，当尺骨茎突与三角骨之间的凹陷中。',5,7,'2013-04-27 09:47:24','2013-04-27 09:47:24'),(60,'养老','在前臂背面尺侧，当尺骨小头近端桡侧凹陷中。',6,7,'2013-04-27 09:47:37','2013-04-27 09:47:37'),(61,'支正','在前臂背面尺侧，当阳谷与小海的连线上，腕背横纹上5寸。',7,7,'2013-04-27 09:47:51','2013-04-27 09:47:51'),(62,'小海','在肘内侧，当尺骨鹰嘴与肱骨内上髁之间凹陷处。',8,7,'2013-04-27 09:48:09','2013-04-27 09:48:09'),(63,'肩贞','在肩关节后下方，臂内收时，腋后纹头上1寸（指寸）。',9,7,'2013-04-27 09:48:30','2013-04-27 09:48:30'),(64,'阴市','在大腿前面，当髂前上棘与髌底外侧端的连线上，髌底上3寸。',1,10,'2013-04-27 09:49:53','2013-04-27 09:49:53'),(65,'梁丘','屈膝，在大腿前面，当髂前上棘与髌底外侧端的连线上，髌底上2寸。',2,10,'2013-04-27 09:50:07','2013-04-27 09:50:07'),(66,'犊鼻','屈膝，在膝部，髌骨与髌韧带外侧凹陷中。',3,10,'2013-04-27 09:50:22','2013-04-27 09:50:22'),(67,'足三里','在小腿前外侧，当犊鼻下3寸，距胫骨前缘一横指（中指）。',4,10,'2013-04-27 09:50:37','2013-04-27 09:50:37'),(68,'上巨虚','在小腿前外侧，当犊鼻下6寸，距胫骨前缘一横指（中指）。',5,10,'2013-04-27 09:50:50','2013-04-27 09:50:50'),(69,'条口','在小腿前外侧，当犊鼻下8寸，距胫骨前缘一横指（中指）',6,10,'2013-04-27 09:51:07','2013-04-27 09:51:07'),(70,'下巨虚','在小腿前外侧，当犊鼻下9寸，距胫骨前缘一横指（中指）',7,10,'2013-04-27 09:51:22','2013-04-27 09:51:22'),(71,'丰隆','在小腿前外侧，当外踝尖上8寸，条口外，距胫骨前缘二横指（中指）',8,10,'2013-04-27 09:51:35','2013-04-27 09:51:35'),(72,'解溪','在足背与小腿交界处的横纹中央凹陷中，当（踇）长伸肌腱与趾长伸肌腱之间。',9,10,'2013-04-27 09:51:48','2013-04-27 09:51:48'),(73,'冲阳','在足背最高处，当（踇）长伸肌腱与趾长伸肌腱之间，足背动脉搏动处。',10,10,'2013-04-27 09:52:01','2013-04-27 09:52:01'),(74,'陷谷','在足背，当第2、3跖骨结合部前方凹陷处。',11,10,'2013-04-27 09:52:15','2013-04-27 09:52:15'),(75,'内庭','在足背，当2、3趾间，趾蹼缘后方赤白肉际处。',12,10,'2013-04-27 09:52:28','2013-04-27 09:52:28'),(76,'厉兑','在足第2趾末节外侧， 距趾甲角0.1寸（指寸）。',13,10,'2013-04-27 09:52:42','2013-04-27 09:52:42'),(77,'风市','在大腿外侧部的中线上，当横纹上7寸处。或直立垂手时，中指尖处',1,11,'2013-04-27 09:56:08','2013-04-27 09:56:08'),(78,'中渎 ','在大腿外侧，当风市下2寸，或　横纹上5寸，股外侧肌与股二头肌之间',2,11,'2013-04-27 09:56:23','2013-04-27 09:56:23'),(79,'膝阳关','在膝外侧，当阳陵泉上3寸，股骨外上髁上方的凹陷处。',3,11,'2013-04-27 09:56:41','2013-04-27 09:56:41'),(80,'阳陵泉','在小腿外侧，当腓骨头前下方凹陷处',1,11,'2013-04-27 10:00:25','2013-04-27 10:00:25'),(81,'阳交 ','在小腿外侧，当外踝尖上7寸，腓骨后缘。',5,11,'2013-04-27 10:00:43','2013-04-27 10:00:43'),(82,'外丘','在小腿外侧，当外踝尖上7寸，腓骨前缘，平阳交。',6,11,'2013-04-27 10:00:57','2013-04-27 10:00:57'),(83,'光明 ','在小腿外侧，当外踝尖上五寸，腓骨前缘。',7,11,'2013-04-27 10:01:10','2013-04-27 10:01:10'),(84,'阳辅','在小腿外侧，当外踝尖上4寸，腓骨前缘稍前方。',8,11,'2013-04-27 10:01:24','2013-04-27 10:01:24'),(85,'悬钟','在小腿外侧，当外踝尖上3寸，腓骨前缘',9,11,'2013-04-27 10:01:36','2013-04-27 10:01:36'),(86,'丘墟 ','在足外踝的前下方，当趾长伸肌腱的外侧凹陷处。',10,11,'2013-04-27 10:01:49','2013-04-27 10:01:49'),(87,'足临泣','在足背外侧，当足4趾本节（第4跖趾结节）的后方，小趾伸肌腱的外侧凹陷处',11,11,'2013-04-27 10:02:50','2013-04-27 10:02:50'),(88,'地五会','在足背外侧，当足4趾本节（第4跖趾关节）的后方，第4、5跖骨之间，小趾伸肌腱的外侧凹陷处。',12,11,'2013-04-27 10:03:05','2013-04-27 10:03:05'),(89,'侠溪 ','在足背外侧，当第4、5趾缝间，趾蹼缘后方赤白肉际处。',13,11,'2013-04-27 10:03:20','2013-04-27 10:03:20'),(90,'足窍阴 ','在足第4趾末节外侧，距趾甲角0.1寸（指寸）。',14,11,'2013-04-27 10:03:32','2013-04-27 10:03:32'),(91,'殷门','在大腿后面，当承扶与委中的连线上，承扶下6寸。',1,12,'2013-04-27 10:06:55','2013-04-27 10:06:55'),(92,'浮郄','在腘横纹外侧端，委阳上1寸，股二头肌腱的内侧。',2,12,'2013-04-27 10:07:10','2013-04-27 10:07:10'),(93,'委阳','在腘横纹外侧端，当股二头肌腱的内侧。',3,12,'2013-04-27 10:07:23','2013-04-27 10:07:23'),(94,'委中','在腘横纹中点，当股二头肌腱与半腱肌肌腱的中间',4,12,'2013-04-27 10:07:36','2013-04-27 10:07:36'),(95,'合阳 ','在小腿后面，当委中与承山的连线上，委中下2寸。',5,12,'2013-04-27 10:10:01','2013-04-27 10:10:01'),(96,'承筋 ','在小腿后面，当委中与承山的连线上，腓肠肌肌腹中央，委中下5寸。',6,12,'2013-04-27 10:10:18','2013-04-27 10:10:18'),(97,'承山 ','在小腿后面正中，委中与昆仑之间，当伸直小腿或足跟上提时腓肠肌肌腹下出现尖角凹陷处。',7,12,'2013-04-27 10:10:30','2013-04-27 10:10:30'),(98,'飞扬','在小腿后面，当外踝后，昆仑穴直上7寸，承山外下方1寸处。',8,12,'2013-04-27 10:10:54','2013-04-27 10:10:54'),(99,'跗阳 ','在小腿后面，外踝后，昆仑穴直上3寸。',9,12,'2013-04-27 10:11:08','2013-04-27 10:11:08'),(100,'昆仑','在足部外踝后方，当外踝尖与跟腱之间的凹陷处。',10,12,'2013-04-27 10:11:22','2013-04-27 10:11:22'),(101,'仆参','在足外侧部，外踝后下方，昆仑直下，跟骨外侧，赤白肉际处',11,12,'2013-04-27 10:11:36','2013-04-27 10:11:36'),(102,'申脉','在足外侧部，外踝直下方凹陷中',12,12,'2013-04-27 10:11:51','2013-04-27 10:11:51'),(103,'金门 ','在足外侧，当外踝前缘直下，骰骨下缘处',13,12,'2013-04-27 10:12:03','2013-04-27 10:12:03'),(104,'京骨','在足外侧，第5跖骨粗隆下方，赤白肉际处。',14,12,'2013-04-27 10:12:15','2013-04-27 10:12:15'),(105,'束骨','在足外侧，足小趾本节（第5跖趾关节）的后方，赤白肉际处。',15,12,'2013-04-27 10:12:28','2013-04-27 10:12:28'),(106,'足通谷','在足外侧，足小趾本节（第5跖趾关节）的前方，赤白肉际处。',16,12,'2013-04-27 10:12:41','2013-04-27 10:12:41'),(107,'至阴 ','在足小趾末节外侧，距趾甲角0.1寸（指寸）。',17,12,'2013-04-27 10:12:54','2013-04-27 10:12:54');
/*!40000 ALTER TABLE `acupuncture_points` ENABLE KEYS */;
UNLOCK TABLES;

--
-- Table structure for table `arranged_acupuncture_points`
--

DROP TABLE IF EXISTS `arranged_acupuncture_points`;
/*!40101 SET @saved_cs_client     = @@character_set_client */;
/*!40101 SET character_set_client = utf8 */;
CREATE TABLE `arranged_acupuncture_points` (
  `id` int(11) NOT NULL AUTO_INCREMENT,
  `document_id` int(11) DEFAULT NULL,
  `index` int(11) DEFAULT NULL,
  `acupuncture_point_id` int(11) DEFAULT NULL,
  `created_at` datetime NOT NULL,
  `updated_at` datetime NOT NULL,
  PRIMARY KEY (`id`)
) ENGINE=InnoDB AUTO_INCREMENT=118 DEFAULT CHARSET=utf8 COLLATE=utf8_unicode_ci;
/*!40101 SET character_set_client = @saved_cs_client */;

--
-- Dumping data for table `arranged_acupuncture_points`
--

LOCK TABLES `arranged_acupuncture_points` WRITE;
/*!40000 ALTER TABLE `arranged_acupuncture_points` DISABLE KEYS */;
INSERT INTO `arranged_acupuncture_points` VALUES (1,5,NULL,26,'2012-09-13 03:07:08','2012-09-13 03:07:08'),(2,5,NULL,26,'2012-09-13 03:07:08','2012-09-13 03:07:08'),(3,5,NULL,26,'2012-09-13 03:07:08','2012-09-13 03:07:08'),(4,5,NULL,26,'2012-09-13 03:07:08','2012-09-13 03:07:08'),(5,5,NULL,26,'2012-09-13 03:07:08','2012-09-13 03:07:08'),(6,5,NULL,26,'2012-09-13 03:07:08','2012-09-13 03:07:08'),(7,5,NULL,26,'2012-09-13 03:07:08','2012-09-13 03:07:08'),(8,5,NULL,26,'2012-09-13 03:07:08','2012-09-13 03:07:08'),(9,5,NULL,26,'2012-09-13 03:07:08','2012-09-13 03:07:08'),(10,5,NULL,26,'2012-09-13 03:07:08','2012-09-13 03:07:08'),(11,5,NULL,26,'2012-09-13 03:07:08','2012-09-13 03:07:08'),(12,5,NULL,26,'2012-09-13 03:07:08','2012-09-13 03:07:08'),(13,5,NULL,26,'2012-09-13 03:07:08','2012-09-13 03:07:08'),(14,5,NULL,15,'2012-09-13 03:07:08','2012-09-13 03:07:08'),(15,5,NULL,26,'2012-09-13 03:07:08','2012-09-13 03:07:08'),(16,5,NULL,14,'2012-09-13 03:07:08','2012-09-13 03:07:08'),(17,5,NULL,5,'2012-09-13 03:07:08','2012-09-13 03:07:08'),(18,6,0,26,'2012-09-13 05:06:13','2012-09-13 05:06:13'),(19,6,1,26,'2012-09-13 05:06:13','2012-09-13 05:06:13'),(20,6,2,26,'2012-09-13 05:06:13','2012-09-13 05:06:13'),(21,6,3,26,'2012-09-13 05:06:13','2012-09-13 05:06:13'),(22,6,4,26,'2012-09-13 05:06:13','2012-09-13 05:06:13'),(23,6,5,26,'2012-09-13 05:06:13','2012-09-13 05:06:13'),(24,6,6,26,'2012-09-13 05:06:13','2012-09-13 05:06:13'),(25,6,7,26,'2012-09-13 05:06:13','2012-09-13 05:06:13'),(26,6,8,26,'2012-09-13 05:06:13','2012-09-13 05:06:13'),(27,6,9,26,'2012-09-13 05:06:13','2012-09-13 05:06:13'),(28,6,10,26,'2012-09-13 05:06:13','2012-09-13 05:06:13'),(29,6,11,26,'2012-09-13 05:06:13','2012-09-13 05:06:13'),(30,6,12,26,'2012-09-13 05:06:13','2012-09-13 05:06:13'),(31,6,13,15,'2012-09-13 05:06:13','2012-09-13 05:06:13'),(32,6,14,26,'2012-09-13 05:06:13','2012-09-13 05:06:13'),(33,6,15,14,'2012-09-13 05:06:13','2012-09-13 05:06:13'),(34,6,16,5,'2012-09-13 05:06:13','2012-09-13 05:06:13'),(35,6,17,6,'2012-09-13 05:06:13','2012-09-13 05:06:13'),(36,6,18,15,'2012-09-13 05:06:13','2012-09-13 05:06:13'),(37,6,19,5,'2012-09-13 05:06:13','2012-09-13 05:06:13'),(38,6,20,26,'2012-09-13 05:06:13','2012-09-13 05:06:13'),(39,NULL,0,7,'2012-09-13 05:07:39','2012-09-13 05:07:39'),(40,NULL,1,17,'2012-09-13 05:07:39','2012-09-13 05:07:39'),(41,NULL,2,16,'2012-09-13 05:07:39','2012-09-13 05:07:39'),(42,NULL,0,15,'2012-09-13 05:08:03','2012-09-13 05:08:03'),(43,NULL,1,5,'2012-09-13 05:08:03','2012-09-13 05:08:03'),(44,NULL,0,15,'2012-09-13 05:23:58','2012-09-13 05:23:58'),(45,NULL,1,5,'2012-09-13 05:23:58','2012-09-13 05:23:58'),(46,NULL,2,7,'2012-09-13 05:23:58','2012-09-13 05:23:58'),(47,NULL,3,17,'2012-09-13 05:23:58','2012-09-13 05:23:58'),(48,8,0,15,'2012-09-13 05:24:08','2012-09-13 05:24:08'),(49,8,1,5,'2012-09-13 05:24:08','2012-09-13 05:24:08'),(50,8,2,7,'2012-09-13 05:24:08','2012-09-13 05:24:08'),(51,8,3,17,'2012-09-13 05:24:08','2012-09-13 05:24:08'),(52,8,4,20,'2012-09-13 05:24:08','2012-09-13 05:24:08'),(53,7,0,7,'2012-09-13 05:24:34','2012-09-13 05:24:34'),(54,7,1,17,'2012-09-13 05:24:34','2012-09-13 05:24:34'),(55,7,2,16,'2012-09-13 05:24:34','2012-09-13 05:24:34'),(56,NULL,0,22,'2012-09-13 05:34:51','2012-09-13 05:34:51'),(57,NULL,1,21,'2012-09-13 05:34:51','2012-09-13 05:34:51'),(58,NULL,2,20,'2012-09-13 05:34:51','2012-09-13 05:34:51'),(59,NULL,3,25,'2012-09-13 05:34:51','2012-09-13 05:34:51'),(60,NULL,4,14,'2012-09-13 05:34:51','2012-09-13 05:34:51'),(61,NULL,5,5,'2012-09-13 05:34:51','2012-09-13 05:34:51'),(62,NULL,6,15,'2012-09-13 05:34:51','2012-09-13 05:34:51'),(63,NULL,7,6,'2012-09-13 05:34:51','2012-09-13 05:34:51'),(64,NULL,8,16,'2012-09-13 05:34:51','2012-09-13 05:34:51'),(65,NULL,9,23,'2012-09-13 05:34:51','2012-09-13 05:34:51'),(66,NULL,10,13,'2012-09-13 05:34:51','2012-09-13 05:34:51'),(67,NULL,11,22,'2012-09-13 05:34:51','2012-09-13 05:34:51'),(68,NULL,12,19,'2012-09-13 05:34:51','2012-09-13 05:34:51'),(69,NULL,0,22,'2012-09-13 05:35:00','2012-09-13 05:35:00'),(70,NULL,1,21,'2012-09-13 05:35:00','2012-09-13 05:35:00'),(71,NULL,2,20,'2012-09-13 05:35:00','2012-09-13 05:35:00'),(72,NULL,3,25,'2012-09-13 05:35:00','2012-09-13 05:35:00'),(73,NULL,4,14,'2012-09-13 05:35:00','2012-09-13 05:35:00'),(74,NULL,5,5,'2012-09-13 05:35:00','2012-09-13 05:35:00'),(75,NULL,6,15,'2012-09-13 05:35:00','2012-09-13 05:35:00'),(76,NULL,7,6,'2012-09-13 05:35:00','2012-09-13 05:35:00'),(77,NULL,8,16,'2012-09-13 05:35:01','2012-09-13 05:35:01'),(78,NULL,9,23,'2012-09-13 05:35:01','2012-09-13 05:35:01'),(79,NULL,10,13,'2012-09-13 05:35:01','2012-09-13 05:35:01'),(80,NULL,11,22,'2012-09-13 05:35:01','2012-09-13 05:35:01'),(81,NULL,12,19,'2012-09-13 05:35:01','2012-09-13 05:35:01'),(82,9,0,22,'2012-09-13 05:39:53','2012-09-13 05:39:53'),(83,9,1,21,'2012-09-13 05:39:53','2012-09-13 05:39:53'),(84,9,2,20,'2012-09-13 05:39:53','2012-09-13 05:39:53'),(85,9,3,25,'2012-09-13 05:39:53','2012-09-13 05:39:53'),(86,9,4,14,'2012-09-13 05:39:53','2012-09-13 05:39:53'),(87,9,5,5,'2012-09-13 05:39:53','2012-09-13 05:39:53'),(88,9,6,15,'2012-09-13 05:39:53','2012-09-13 05:39:53'),(89,9,7,6,'2012-09-13 05:39:53','2012-09-13 05:39:53'),(90,9,8,16,'2012-09-13 05:39:53','2012-09-13 05:39:53'),(91,9,9,23,'2012-09-13 05:39:53','2012-09-13 05:39:53'),(92,9,10,13,'2012-09-13 05:39:54','2012-09-13 05:39:54'),(93,9,11,22,'2012-09-13 05:39:54','2012-09-13 05:39:54'),(94,9,12,19,'2012-09-13 05:39:54','2012-09-13 05:39:54'),(95,10,0,22,'2012-09-13 08:55:23','2012-09-13 08:55:23'),(96,10,1,21,'2012-09-13 08:55:23','2012-09-13 08:55:23'),(97,10,2,20,'2012-09-13 08:55:23','2012-09-13 08:55:23'),(98,10,3,23,'2012-09-13 08:55:23','2012-09-13 08:55:23'),(99,10,4,25,'2012-09-13 08:55:23','2012-09-13 08:55:23'),(100,10,5,14,'2012-09-13 08:55:23','2012-09-13 08:55:23'),(101,10,6,5,'2012-09-13 08:55:23','2012-09-13 08:55:23'),(102,10,7,6,'2012-09-13 08:55:23','2012-09-13 08:55:23'),(103,11,0,1,'2012-09-14 13:04:01','2012-09-14 13:04:01'),(104,11,1,9,'2012-09-14 13:04:01','2012-09-14 13:04:01'),(105,11,2,10,'2012-09-14 13:04:01','2012-09-14 13:04:01'),(106,11,3,3,'2012-09-14 13:04:01','2012-09-14 13:04:01'),(107,11,4,11,'2012-09-14 13:04:01','2012-09-14 13:04:01'),(108,12,0,6,'2012-09-14 13:06:11','2012-09-14 13:06:11'),(109,12,1,15,'2012-09-14 13:06:11','2012-09-14 13:06:11'),(110,12,2,26,'2012-09-14 13:06:11','2012-09-14 13:06:11'),(111,12,3,22,'2012-09-14 13:06:11','2012-09-14 13:06:11'),(112,12,4,20,'2012-09-14 13:06:11','2012-09-14 13:06:11'),(113,12,5,25,'2012-09-14 13:06:11','2012-09-14 13:06:11'),(114,12,6,14,'2012-09-14 13:06:11','2012-09-14 13:06:11'),(115,12,7,5,'2012-09-14 13:06:11','2012-09-14 13:06:11'),(116,12,8,15,'2012-09-14 13:06:11','2012-09-14 13:06:11'),(117,12,9,26,'2012-09-14 13:06:11','2012-09-14 13:06:11');
/*!40000 ALTER TABLE `arranged_acupuncture_points` ENABLE KEYS */;
UNLOCK TABLES;

--
-- Table structure for table `documents`
--

DROP TABLE IF EXISTS `documents`;
/*!40101 SET @saved_cs_client     = @@character_set_client */;
/*!40101 SET character_set_client = utf8 */;
CREATE TABLE `documents` (
  `id` int(11) NOT NULL AUTO_INCREMENT,
  `user_name` varchar(255) COLLATE utf8_unicode_ci DEFAULT NULL,
  `created_at` datetime NOT NULL,
  `updated_at` datetime NOT NULL,
  PRIMARY KEY (`id`)
) ENGINE=InnoDB AUTO_INCREMENT=13 DEFAULT CHARSET=utf8 COLLATE=utf8_unicode_ci;
/*!40101 SET character_set_client = @saved_cs_client */;

--
-- Dumping data for table `documents`
--

LOCK TABLES `documents` WRITE;
/*!40000 ALTER TABLE `documents` DISABLE KEYS */;
INSERT INTO `documents` VALUES (7,'汉字啊！','2012-09-13 05:07:39','2012-09-13 05:24:35'),(8,'5555','2012-09-13 05:08:03','2012-09-13 05:08:03'),(9,'拉拉','2012-09-13 05:34:51','2012-09-13 05:35:01'),(10,'测试用','2012-09-13 08:55:23','2012-09-13 08:55:23'),(12,'李丁雨','2012-09-14 13:06:11','2012-09-14 13:06:11');
/*!40000 ALTER TABLE `documents` ENABLE KEYS */;
UNLOCK TABLES;

--
-- Table structure for table `meridians`
--

DROP TABLE IF EXISTS `meridians`;
/*!40101 SET @saved_cs_client     = @@character_set_client */;
/*!40101 SET character_set_client = utf8 */;
CREATE TABLE `meridians` (
  `id` int(11) NOT NULL AUTO_INCREMENT,
  `name` varchar(255) COLLATE utf8_unicode_ci DEFAULT NULL,
  `created_at` datetime NOT NULL,
  `updated_at` datetime NOT NULL,
  PRIMARY KEY (`id`)
) ENGINE=InnoDB AUTO_INCREMENT=13 DEFAULT CHARSET=utf8 COLLATE=utf8_unicode_ci;
/*!40101 SET character_set_client = @saved_cs_client */;

--
-- Dumping data for table `meridians`
--

LOCK TABLES `meridians` WRITE;
/*!40000 ALTER TABLE `meridians` DISABLE KEYS */;
INSERT INTO `meridians` VALUES (1,'足阙阴肝经','2012-09-11 05:23:36','2012-09-11 06:19:45'),(2,'足太阴脾经','2012-09-11 06:19:35','2012-09-11 06:19:35'),(3,'足少阴肾经','2012-09-11 06:56:31','2012-09-11 06:56:31'),(4,'手太阴肺经','2013-04-27 01:58:45','2013-04-27 01:58:45'),(5,'手阳明大肠经','2013-04-27 01:59:00','2013-04-27 01:59:00'),(6,'手少阴心经','2013-04-27 01:59:11','2013-04-27 01:59:11'),(7,'手太阳小肠经','2013-04-27 01:59:25','2013-04-27 01:59:25'),(8,'手阙阴心包经','2013-04-27 01:59:46','2013-04-27 01:59:46'),(9,'手少阳三焦经','2013-04-27 02:00:01','2013-04-27 02:00:01'),(10,'足阳明胃经','2013-04-27 02:00:25','2013-04-27 02:00:25'),(11,'足少阳胆经','2013-04-27 02:00:34','2013-04-27 02:00:34'),(12,'足太阳膀胱经','2013-04-27 02:00:40','2013-04-27 02:00:40');
/*!40000 ALTER TABLE `meridians` ENABLE KEYS */;
UNLOCK TABLES;

--
-- Table structure for table `schema_migrations`
--

DROP TABLE IF EXISTS `schema_migrations`;
/*!40101 SET @saved_cs_client     = @@character_set_client */;
/*!40101 SET character_set_client = utf8 */;
CREATE TABLE `schema_migrations` (
  `version` varchar(255) COLLATE utf8_unicode_ci NOT NULL,
  UNIQUE KEY `unique_schema_migrations` (`version`)
) ENGINE=InnoDB DEFAULT CHARSET=utf8 COLLATE=utf8_unicode_ci;
/*!40101 SET character_set_client = @saved_cs_client */;

--
-- Dumping data for table `schema_migrations`
--

LOCK TABLES `schema_migrations` WRITE;
/*!40000 ALTER TABLE `schema_migrations` DISABLE KEYS */;
INSERT INTO `schema_migrations` VALUES ('20120910082243'),('20120910082455'),('20120910082619'),('20120910083026'),('20120913014443'),('20121002085905');
/*!40000 ALTER TABLE `schema_migrations` ENABLE KEYS */;
UNLOCK TABLES;

--
-- Table structure for table `users`
--

DROP TABLE IF EXISTS `users`;
/*!40101 SET @saved_cs_client     = @@character_set_client */;
/*!40101 SET character_set_client = utf8 */;
CREATE TABLE `users` (
  `id` int(11) NOT NULL AUTO_INCREMENT,
  `email` varchar(255) COLLATE utf8_unicode_ci NOT NULL DEFAULT '',
  `encrypted_password` varchar(255) COLLATE utf8_unicode_ci NOT NULL DEFAULT '',
  `reset_password_token` varchar(255) COLLATE utf8_unicode_ci DEFAULT NULL,
  `reset_password_sent_at` datetime DEFAULT NULL,
  `remember_created_at` datetime DEFAULT NULL,
  `sign_in_count` int(11) DEFAULT '0',
  `current_sign_in_at` datetime DEFAULT NULL,
  `last_sign_in_at` datetime DEFAULT NULL,
  `current_sign_in_ip` varchar(255) COLLATE utf8_unicode_ci DEFAULT NULL,
  `last_sign_in_ip` varchar(255) COLLATE utf8_unicode_ci DEFAULT NULL,
  `created_at` datetime NOT NULL,
  `updated_at` datetime NOT NULL,
  PRIMARY KEY (`id`),
  UNIQUE KEY `index_users_on_email` (`email`),
  UNIQUE KEY `index_users_on_reset_password_token` (`reset_password_token`)
) ENGINE=InnoDB AUTO_INCREMENT=2 DEFAULT CHARSET=utf8 COLLATE=utf8_unicode_ci;
/*!40101 SET character_set_client = @saved_cs_client */;

--
-- Dumping data for table `users`
--

LOCK TABLES `users` WRITE;
/*!40000 ALTER TABLE `users` DISABLE KEYS */;
INSERT INTO `users` VALUES (1,'sg552sg552@gmail.com','$2a$10$7tT/QdUFNaHHGEBz2NOWhOF9tYNIr0JuoCm6TlgLPku686vKp3GF6',NULL,NULL,NULL,1,'2013-04-27 01:56:24','2013-04-27 01:56:24','127.0.0.1','127.0.0.1','2013-04-27 01:56:24','2013-04-27 01:56:24');
/*!40000 ALTER TABLE `users` ENABLE KEYS */;
UNLOCK TABLES;
/*!40103 SET TIME_ZONE=@OLD_TIME_ZONE */;

/*!40101 SET SQL_MODE=@OLD_SQL_MODE */;
/*!40014 SET FOREIGN_KEY_CHECKS=@OLD_FOREIGN_KEY_CHECKS */;
/*!40014 SET UNIQUE_CHECKS=@OLD_UNIQUE_CHECKS */;
/*!40101 SET CHARACTER_SET_CLIENT=@OLD_CHARACTER_SET_CLIENT */;
/*!40101 SET CHARACTER_SET_RESULTS=@OLD_CHARACTER_SET_RESULTS */;
/*!40101 SET COLLATION_CONNECTION=@OLD_COLLATION_CONNECTION */;
/*!40111 SET SQL_NOTES=@OLD_SQL_NOTES */;

-- Dump completed on 2013-04-27 18:13:27
